Сирия,Аазаз
Германия,Аахен
Нигерия,Аба
Иран,Абадан
Иран,Абаде
Нигерия,Абакалики
Россия,Абакан
Перу,Абанкай
Канада,Абботсфорд
Пакистан,Абботтабад
Индия,Авади
Эфиопия,Авасса
Испания,Авила
Испания,Авилес
Франция,Авиньон
Нигерия,Авка
Нигер,Агадес
Марокко,Агадир
Индия,Агартала
Россия,Александров
Греция,Александруполис
Россия,Алексин
Германия,Ален
Сирия,Алеппо
Италия,Алессандрия
Алжир,Алжир
Индия,Алигарх
Испания,Аликанте
Литва,Алитус
Индия,Атчер
Казахстан,Атырау
Германия,Аугсбург
Индия,Аурайя
Греция,Афины
Алжир,Афлу
Иран,Ахар
Индия,Багалкот
Танзания,Багамойо
Индия,Багаха
Ирак,Багдад
Филиппины,Багио
Афганистан,Баглан
Филиппины,Баго Сити
Нигерия,Багума
Индия,Бадагара
Испания,Бадахос
Индия,Бадаюн
Камерун,Бали
Индонезия,Баликпапан
Туркменистан,Балканабат
Австралия,Балларат
Индия,Балли
Индия,Балотра
Индия,Балрампур
Индия,Басти
Великобритания,Бат
Россия,Батайск
Филиппины,Батак
Индия,Батала
Филиппины,Батангас
США,Батл Крик
Великобритания,Батли
Турция,Батман
Индия,Бердуэн
Украина,Бердянск
Россия,Березники
Россия,Березовский
Гана,Берекум
Марокко,Беркан
Великобритания,Беркенхед
США,Беркли
Германия,Берлин
Канада,Берлингтон
Швейцария,Берн
Румыния,Бырлад
Польша,Бытом
Вьетнам,Бьенхоа
Великобритания,Бьюри
Китай,Бэйань
Китай,Бэйбэй
Китай,Бэйпяо
Китай,Бэйхай
Венесуэла,Валенсия
Венесуэла,Валера
Индия,Валпарай
Индия,Валсад
Испания,Вальдеморо
Чили,Вальдивия
Россия,Вологда
Россия,Вольск
Германия,Вольфенбюттель
Германия,Вольфсбург
Польша,Воля
Канада,Вон
Россия,Воркута
Мексика,Гвадалахара
Пакистан,Гвадар
Мексика,Гваделупа
Индия,Гвалиор
Гватемала,Гватемала
Канада,Гвелф
Зимбабве,Гверу
Польша,Гданьск
Польша,Гдыня
Индия,Гхазипур
Китай,Гэньхэ
Армения,Гюмри
Германия,Гютерсло
Азербайджан,Гянджа
США,Дабек
Индия,Дабра
Индия,Дабуоли
Индия,Дабхой
Филиппины,Давао
Афганистан,Джелалабад
Пакистан,Джелам
Алжир,Джельфа
Индонезия,Джембер
Тунис,Джендуба
Германия,Дюссельдорф
Азербайджан,Евлах
Швеция,Евле
Россия,Егорьевск
Россия,Ейск
Россия,Екатеринбург
Россия,Елабуга
Латвия,Елгава
Турция,Зонгулдак
Сербия,Зренянин
Грузия,Зугдиди
Нидерланды,Зутермер
Пакистан,Зхоб
Колумбия,Ибаге
Нигерия,Ибадан
Япония,Ибараки
Япония,Исэсаки
Колумбия,Итагуи
Индия,Итарси
Парагвай,Итаугуа
Япония,Итиномия
Япония,Итиносеки
Япония,Итихара
Япония,Ито
Япония,Итоман
Китай,Иу
Нигерия,Ихиала
Китай,Ичан
Индия,Ичокарейнджи
Китай,Ичунь
Франция,Йер
Чехия,Йиглава
Финляндия,Йоенсуу
Япония,Йоккаити
Япония,Йокосука
Нигерия,Йола
Япония,Йонаго
Парагвай,Каагуасу
Филиппины,Кабанатуан
Замбия,Кабве
Венесуэла,Кабимас
Ангола,Кабинда
Тунис,Кайруан
Турция,Кайсери
Индия,Кайтхал
Кения,Какамега
Япония,Какамигахара
Япония,Какегава
Индия,Какинада
Италия,Латина
Индия,Латур
Фиджи,Лаутока
США,Лафайетт
Великобритания,Лафборо
Россия,Люберцы
Польша,Любин
Словения,Любляна
Бельгия,Лювен
Германия,Людвигсбург
Испания,Мадрид
Индия,Мадупер
Индия,Мадурай
Индия,Мадхепур
Египет,Минуф
Китай,Миншуй
Гаити,Мирагоан
Мексика,Мирамар
Япония,Нагаока
Индия,Нагапаттинам
Япония,Нагареяма
Израиль,Нагария
Бангладеш,Нагарпур
Япония,Нагасаки
Индия,Нагаур
Япония,Нагахама
Эстония,Нарва
Индия,Нарвана
Япония,Нарита
Индия,Нарнаул
Пакистан,Наровал
Бразилия,Нитерой
Словакия,Нитра
Франция,Ницца
Сербия,Ниш
Вьетнам,Нячанг
Япония,Оами
Мексика,Оахака
Филиппины,Обандо
Аргентина,Обера
Франция,Обервилье
Япония,Ояма
Нигерия,Оян
Бангладеш,Пабна
Польша,Пабьянице
Италия,Павия
Испания,Памплона
Филиппины,Панабо
Индия,Панаджи
Панама,Панама
Россия,Пятигорск
Израиль,Раанана
Судан,Рабак
Индия,Рабарели
Марокко,Рабат
Пакистан,Равалпинди
Бангладеш,Рангпур
Дания,Рандерс
Индия,Раниганж
Чили,Ранкагуа
Великобритания,Ранкорн
Казахстан,Риддер
Хорватия,Риека
Италия,Рим
Италия,Римини
Россия,Рязань
Колумбия,Саагун
Йемен,Саада
Германия,Саарбрюккен
Марокко,Сале
Индия,Салем
Индия,Салер
Италия,Салерно
Аргентина,Сарате
Россия,Саратов
Пакистан,Саргодха
Индия,Сардаршар
Иран,Сари
Бангладеш,Саткхира
Индия,Сатна
Япония,Сатте
Индия,Саттенапалле
Великобритания,Саттон
Россия,Сызрань
Россия,Сыктывкар
Китай,Сыпин
Китай,Сышуй
Индонезия,Табан
Танзания,Табора
Япония,Такаиси
Япония,Такамацу
Япония,Такаока
Япония,Такарадзука
Япония,Такасаки
Япония,Такацуки
Япония,Такаяма
Камбоджа,Такео
Турция,Тарсус
Аргентина,Тартагаль
Эстония,Тарту
Сирия,Тартус
Марокко,Тарудан
Ливия,Тархуна
Япония,Тоёта
Япония,Тоёхаси
Турция,Токат
Япония,Токи
Япония,Токио
Китай,Тяньшуй
Марокко,Уаззан
Италия,Удине
Индия,Удипи
Таиланд,Удонтхани
Индия,Удумалпет
Индия,Фазилка
Пакистан,Файсалабад
Германия,Фюрт
Россия,Хабаровск
Бангладеш,Хабигандж
Япония,Цукуба
Япония,Цуруга
Испания,Чамартин
Китай,Чамдо
Великобритания,Шеффилд
Великобритания,Энфилд
Латвия,Юрмала
Япония,Ямагата
